actividad,unidad_actividad,recurso,rendimiento,unidad_rendimiento,fuente,referencia_online,pagina_ficha,confianza,estado
02 21 13 - Suministro e Instalación de Niveletas de Madera para Trazado,m2,EQUIPO: TEODOLITO,0.005,DIA,FHIS,https://icunah.wordpress.com/wp-content/uploads/2008/10/fichas-de-costos-unitarios.pdf,F013001 - 62,0.5,AUDITADO
02 21 13 - Suministro e Instalación de Niveletas de Madera para Trazado,m2,MANO_OBRA: TOPOGRAFO,0.005,JRD,FHIS,https://icunah.wordpress.com/wp-content/uploads/2008/10/fichas-de-costos-unitarios.pdf,F013001 - 62,0.5,AUDITADO
02 21 13.1 - Trazado y Marcado de Obra,m,EQUIPO: HERRAMIENTA MENOR,5.0,%,FHIS,https://icunah.wordpress.com/wp-content/uploads/2008/10/fichas-de-costos-unitarios.pdf,F013003 - 64,1.0,AUDITADO
02 21 13.1 - Trazado y Marcado de Obra,m,MANO_OBRA: ALBAÑIL,0.03,JDR,FHIS,https://icunah.wordpress.com/wp-content/uploads/2008/10/fichas-de-costos-unitarios.pdf,F013003 - 64,1.0,AUDITADO
03 11 13 - Instalación de encofrado perimetral de madera para fundición de losa,m,EQUIPO: HERRAMIENTA MENOR,5.0,%,FHIS,https://icunah.wordpress.com/wp-content/uploads/2008/10/fichas-de-costos-unitarios.pdf,F130006 - 773,0.667,AUDITADO
03 11 13 - Instalación de encofrado perimetral de madera para fundición de losa,m,MANO_OBRA: CARPINTERO,0.2,JDR,FHIS,https://icunah.wordpress.com/wp-content/uploads/2008/10/fichas-de-costos-unitarios.pdf,F130006 - 773,0.667,AUDITADO
03 15 13 - Instalación de Anclajes de Columna (J-Bolts) Pernos tipo J de acero ASTM F1554 (Grado 36 ) de 3/4 de diámetro. Incluye tuercas hexagonales pesadas y arandelas endurecidas.,pza,EQUIPO: HERRAMIENTA MENOR,5.0,%,FHIS,https://icunah.wordpress.com/wp-content/uploads/2008/10/fichas-de-costos-unitarios.pdf,F034052 - 300,0.4,REVISION_MANUAL
03 15 13 - Instalación de Anclajes de Columna (J-Bolts) Pernos tipo J de acero ASTM F1554 (Grado 36 ) de 3/4 de diámetro. Incluye tuercas hexagonales pesadas y arandelas endurecidas.,pza,MANO_OBRA: ALBAÑIL,0.173,JDR,FHIS,https://icunah.wordpress.com/wp-content/uploads/2008/10/fichas-de-costos-unitarios.pdf,F034052 - 300,0.4,REVISION_MANUAL
"03 22 00 - Armado de Losa de Cimentación con Electromalla 6"" x 6"" 4/4",m2,EQUIPO: HERRAMIENTA MENOR,5.0,%,FHIS,https://icunah.wordpress.com/wp-content/uploads/2008/10/fichas-de-costos-unitarios.pdf,F130003 - 770,0.5,AUDITADO
"03 22 00 - Armado de Losa de Cimentación con Electromalla 6"" x 6"" 4/4",m2,MANO_OBRA: PEON,0.05,JDR,FHIS,https://icunah.wordpress.com/wp-content/uploads/2008/10/fichas-de-costos-unitarios.pdf,F130003 - 770,0.5,AUDITADO
"03 31 00.1 - Armado, Encofrado y Fundido de Castillo R1 15x15cm, Ref 4#3 + N2@5cm F032002",mL,EQUIPO: HERRAMIENTA MENOR,5.0,%,FHIS,https://icunah.wordpress.com/wp-content/uploads/2008/10/fichas-de-costos-unitarios.pdf,F032003 - 231,0.4,REVISION_MANUAL
"03 31 00.1 - Armado, Encofrado y Fundido de Castillo R1 15x15cm, Ref 4#3 + N2@5cm F032002",mL,MANO_OBRA: ALBAÑIL,0.069,JDR,FHIS,https://icunah.wordpress.com/wp-content/uploads/2008/10/fichas-de-costos-unitarios.pdf,F032003 - 231,0.4,REVISION_MANUAL
"03 31 00.10 - Armado, Encofrado y Fundido de Solera S3 de 20x20cm,  4#3 Y #2 @0.20 CM (Cielo)",m2,EQUIPO: HERRAMIENTA MENOR,5.0,%,FHIS,https://icunah.wordpress.com/wp-content/uploads/2008/10/fichas-de-costos-unitarios.pdf,F031027 - 216,0.667,AUDITADO
"03 31 00.10 - Armado, Encofrado y Fundido de Solera S3 de 20x20cm,  4#3 Y #2 @0.20 CM (Cielo)",m2,MANO_OBRA: ALBAÑIL,0.067,JDR,FHIS,https://icunah.wordpress.com/wp-content/uploads/2008/10/fichas-de-costos-unitarios.pdf,F031027 - 216,0.667,AUDITADO
"03 31 00.11 - Armado, Encofrado y Fundido de V1 Viga De Concreto de 20x25cm,2#5+2#3; #2@15cm, con 1:2:2 Para Entrepiso F037003",mL,EQUIPO: HERRAMIENTA MENOR,5.0,%,FHIS,https://icunah.wordpress.com/wp-content/uploads/2008/10/fichas-de-costos-unitarios.pdf,F037038 - 356,0.667,AUDITADO
"03 31 00.11 - Armado, Encofrado y Fundido de V1 Viga De Concreto de 20x25cm,2#5+2#3; #2@15cm, con 1:2:2 Para Entrepiso F037003",mL,MANO_OBRA: ALBAÑIL,0.2,JDR,FHIS,https://icunah.wordpress.com/wp-content/uploads/2008/10/fichas-de-costos-unitarios.pdf,F037038 - 356,0.667,AUDITADO
"03 31 00.12 - Armado, Encofrado y Fundido de V2 Viga de Concreto Armada de 0.15m x0.30m Ref 6#4 + 1#5 + #2@0.15m F037001",mL,EQUIPO: HERRAMIENTA MENOR,5.0,%,FHIS,https://icunah.wordpress.com/wp-content/uploads/2008/10/fichas-de-costos-unitarios.pdf,F037038 - 356,0.667,AUDITADO
"03 31 00.12 - Armado, Encofrado y Fundido de V2 Viga de Concreto Armada de 0.15m x0.30m Ref 6#4 + 1#5 + #2@0.15m F037001",mL,MANO_OBRA: ALBAÑIL,0.2,JDR,FHIS,https://icunah.wordpress.com/wp-content/uploads/2008/10/fichas-de-costos-unitarios.pdf,F037038 - 356,0.667,AUDITADO
"03 31 00.2 - Armado, Encofrado y Fundido de Columna R2 20x20cm, 4Nº3, Nº2 @ 0.20, F034003",mL,EQUIPO: HERRAMIENTA MENOR,5.0,%,FHIS,https://icunah.wordpress.com/wp-content/uploads/2008/10/fichas-de-costos-unitarios.pdf,F034002 - 250,0.75,AUDITADO
"03 31 00.2 - Armado, Encofrado y Fundido de Columna R2 20x20cm, 4Nº3, Nº2 @ 0.20, F034003",mL,MANO_OBRA: ALBAÑIL,0.067,JDR,FHIS,https://icunah.wordpress.com/wp-content/uploads/2008/10/fichas-de-costos-unitarios.pdf,F034002 - 250,0.75,AUDITADO
"03 31 00.3 - Armado, Encofrado y Fundido de Columna R3 20 X 30, 4#4 + 2#3, #3@20cm",mL,EQUIPO: HERRAMIENTA MENOR,5.0,%,FHIS,https://icunah.wordpress.com/wp-content/uploads/2008/10/fichas-de-costos-unitarios.pdf,F034034 - 282,0.75,AUDITADO
"03 31 00.3 - Armado, Encofrado y Fundido de Columna R3 20 X 30, 4#4 + 2#3, #3@20cm",mL,MANO_OBRA: ALBAÑIL,0.12,JDR,FHIS,https://icunah.wordpress.com/wp-content/uploads/2008/10/fichas-de-costos-unitarios.pdf,F034034 - 282,0.75,AUDITADO
"03 31 00.4 - Armado, Encofrado y Fundido de Columna de R4 20x20 4#4 + 2#3, #3@20cm",mL,EQUIPO: HERRAMIENTA MENOR,5.0,%,FHIS,https://icunah.wordpress.com/wp-content/uploads/2008/10/fichas-de-costos-unitarios.pdf,F032013 - 241,0.4,REVISION_MANUAL
"03 31 00.4 - Armado, Encofrado y Fundido de Columna de R4 20x20 4#4 + 2#3, #3@20cm",mL,MANO_OBRA: ALBAÑIL,0.067,JDR,FHIS,https://icunah.wordpress.com/wp-content/uploads/2008/10/fichas-de-costos-unitarios.pdf,F032013 - 241,0.4,REVISION_MANUAL
"03 31 00.5 - Armado, Encofrado y Fundido de Columna R5 A 35 X 35, R2 20x20cm, 4Nº3, Nº2 @ 0.20,  4-#6+2-#5+2-#5,#3@150mm",mL,EQUIPO: HERRAMIENTA MENOR,5.0,%,FHIS,https://icunah.wordpress.com/wp-content/uploads/2008/10/fichas-de-costos-unitarios.pdf,F034002 - 250,0.75,AUDITADO
"03 31 00.5 - Armado, Encofrado y Fundido de Columna R5 A 35 X 35, R2 20x20cm, 4Nº3, Nº2 @ 0.20,  4-#6+2-#5+2-#5,#3@150mm",mL,MANO_OBRA: ALBAÑIL,0.067,JDR,FHIS,https://icunah.wordpress.com/wp-content/uploads/2008/10/fichas-de-costos-unitarios.pdf,F034002 - 250,0.75,AUDITADO
"03 31 00.6 - Armado, Encofrado y Fundido Columna de R6 60 x 60, 8Nº6, Nº3 @ 30, CONCRETO 1:2:2",mL,EQUIPO: HERRAMIENTA MENOR,5.0,%,FHIS,https://icunah.wordpress.com/wp-content/uploads/2008/10/fichas-de-costos-unitarios.pdf,F034044 - 292,1.0,AUDITADO
"03 31 00.6 - Armado, Encofrado y Fundido Columna de R6 60 x 60, 8Nº6, Nº3 @ 30, CONCRETO 1:2:2",mL,MANO_OBRA: ALBAÑIL,0.12,JDR,FHIS,https://icunah.wordpress.com/wp-content/uploads/2008/10/fichas-de-costos-unitarios.pdf,F034044 - 292,1.0,AUDITADO
03 31 00.7 - Creación de Gradas de hmax=0.18m wmin=1m pmax=0.27,pza,EQUIPO: HERRAMIENTA MENOR,5.0,%,FHIS,https://icunah.wordpress.com/wp-content/uploads/2008/10/fichas-de-costos-unitarios.pdf,F021003 - 87,0.5,AUDITADO
03 31 00.7 - Creación de Gradas de hmax=0.18m wmin=1m pmax=0.27,pza,MANO_OBRA: ALBAÑIL,2.27,JDR,FHIS,https://icunah.wordpress.com/wp-content/uploads/2008/10/fichas-de-costos-unitarios.pdf,F021003 - 87,0.5,AUDITADO
"03 31 00.8 - Armado, Encofrado y Fundido de Solera S1 de 35x35cm, 8#6 Y #4 @0.175 CM",mL,EQUIPO: HERRAMIENTA MENOR,5.0,%,FHIS,https://icunah.wordpress.com/wp-content/uploads/2008/10/fichas-de-costos-unitarios.pdf,F031005 - 194,0.4,REVISION_MANUAL
"03 31 00.8 - Armado, Encofrado y Fundido de Solera S1 de 35x35cm, 8#6 Y #4 @0.175 CM",mL,MANO_OBRA: ALBAÑIL,0.056,JDR,FHIS,https://icunah.wordpress.com/wp-content/uploads/2008/10/fichas-de-costos-unitarios.pdf,F031005 - 194,0.4,REVISION_MANUAL
"03 31 03.1 - Concreto Premezclado 3,000 Psi, Agregado 3/4"", Revenimiento 6"" (Losa de Cimentación)",m3,EQUIPO: HERRAMIENTA MENOR,5.0,%,FHIS,https://icunah.wordpress.com/wp-content/uploads/2008/10/fichas-de-costos-unitarios.pdf,F052001 - 445,0.5,AUDITADO
"03 31 03.1 - Concreto Premezclado 3,000 Psi, Agregado 3/4"", Revenimiento 6"" (Losa de Cimentación)",m3,MANO_OBRA: ALBAÑIL,0.833,JDR,FHIS,https://icunah.wordpress.com/wp-content/uploads/2008/10/fichas-de-costos-unitarios.pdf,F052001 - 445,0.5,AUDITADO
03 31 03.2 - Fundido de Losa de Concreto sobre armado 3000 Psi e=8cm con jornaleros y mezcladora,m2,EQUIPO: HERRAMIENTA MENOR,5.0,%,FHIS,https://icunah.wordpress.com/wp-content/uploads/2008/10/fichas-de-costos-unitarios.pdf,F052001 - 445,0.5,AUDITADO
03 31 03.2 - Fundido de Losa de Concreto sobre armado 3000 Psi e=8cm con jornaleros y mezcladora,m2,MANO_OBRA: ALBAÑIL,0.833,JDR,FHIS,https://icunah.wordpress.com/wp-content/uploads/2008/10/fichas-de-costos-unitarios.pdf,F052001 - 445,0.5,AUDITADO
03 39 23 - Curado de Losa de Concreto con Aditivo a base de Agua,m2,EQUIPO: HERRAMIENTA MENOR,5.0,%,FHIS,https://icunah.wordpress.com/wp-content/uploads/2008/10/fichas-de-costos-unitarios.pdf,F130003 - 770,1.0,AUDITADO
03 39 23 - Curado de Losa de Concreto con Aditivo a base de Agua,m2,MANO_OBRA: PEON,0.05,JDR,FHIS,https://icunah.wordpress.com/wp-content/uploads/2008/10/fichas-de-costos-unitarios.pdf,F130003 - 770,1.0,AUDITADO
03 48 43 - Moldura de Cornisa de Concreto 0.10m x 0.10m,mL,EQUIPO: HERRAMIENTA MENOR,5.0,%,FHIS,https://icunah.wordpress.com/wp-content/uploads/2008/10/fichas-de-costos-unitarios.pdf,F052001 - 445,0.5,AUDITADO
03 48 43 - Moldura de Cornisa de Concreto 0.10m x 0.10m,mL,MANO_OBRA: ALBAÑIL,0.833,JDR,FHIS,https://icunah.wordpress.com/wp-content/uploads/2008/10/fichas-de-costos-unitarios.pdf,F052001 - 445,0.5,AUDITADO
"04 05 13.3 - Repello y Pulido de Mochetas, Ventanas y Columnas",mL,EQUIPO: HERRAMIENTA MENOR,5.0,%,FHIS,https://icunah.wordpress.com/wp-content/uploads/2008/10/fichas-de-costos-unitarios.pdf,F047001 - 438,0.4,REVISION_MANUAL
"04 05 13.3 - Repello y Pulido de Mochetas, Ventanas y Columnas",mL,MANO_OBRA: ALBAÑIL,0.2,JDR,FHIS,https://icunah.wordpress.com/wp-content/uploads/2008/10/fichas-de-costos-unitarios.pdf,F047001 - 438,0.4,REVISION_MANUAL
04 21 13 - Pared Arquitectónica de Ladrillo Rafón de 90mm 1#3@0.60cm Vertical,mL,EQUIPO: HERRAMIENTA MENOR,5.0,%,FHIS,https://icunah.wordpress.com/wp-content/uploads/2008/10/fichas-de-costos-unitarios.pdf,F041001 - 413,0.667,AUDITADO
04 21 13 - Pared Arquitectónica de Ladrillo Rafón de 90mm 1#3@0.60cm Vertical,mL,MANO_OBRA: ALBAÑIL,0.222,JDR,FHIS,https://icunah.wordpress.com/wp-content/uploads/2008/10/fichas-de-costos-unitarios.pdf,F041001 - 413,0.667,AUDITADO
"04 26 00.1 - Pared de Bloque de Concreto de Partición de 4"" 1#3@2Hil",m2,EQUIPO: HERRAMIENTA MENOR,5.0,%,FHIS,https://icunah.wordpress.com/wp-content/uploads/2008/10/fichas-de-costos-unitarios.pdf,F042012 - 430,0.6,AUDITADO
"04 26 00.1 - Pared de Bloque de Concreto de Partición de 4"" 1#3@2Hil",m2,MANO_OBRA: ALBAÑIL,0.368,JDR,FHIS,https://icunah.wordpress.com/wp-content/uploads/2008/10/fichas-de-costos-unitarios.pdf,F042012 - 430,0.6,AUDITADO
04 26 00.13 - Entabicado de Bloque 15 cm Con Repello y Pulido,mL,EQUIPO: HERRAMIENTA MENOR,5.0,%,FHIS,https://icunah.wordpress.com/wp-content/uploads/2008/10/fichas-de-costos-unitarios.pdf,F047001 - 438,0.833,AUDITADO
04 26 00.13 - Entabicado de Bloque 15 cm Con Repello y Pulido,mL,MANO_OBRA: ALBAÑIL,0.2,JDR,FHIS,https://icunah.wordpress.com/wp-content/uploads/2008/10/fichas-de-costos-unitarios.pdf,F047001 - 438,0.833,AUDITADO
"04 26 00.2 - Pared de Bloque de Concreto Reforzada de 6"" REF 1#3 @0.6+ 1#3@2Hil F042005",m2,EQUIPO: MEZCLADORA,0.03,DIA,FHIS,https://icunah.wordpress.com/wp-content/uploads/2008/10/fichas-de-costos-unitarios.pdf,F046003 - 437,0.6,AUDITADO
"04 26 00.2 - Pared de Bloque de Concreto Reforzada de 6"" REF 1#3 @0.6+ 1#3@2Hil F042005",m2,MANO_OBRA: ALBAÑIL,0.2,JDR,FHIS,https://icunah.wordpress.com/wp-content/uploads/2008/10/fichas-de-costos-unitarios.pdf,F046003 - 437,0.6,AUDITADO
"04 26 00.3 - Pared de Bloque de Concreto Reforzada de 8"" Ref 1#3@0.6m+2#3@2Hil F022002",m2,EQUIPO: MEZCLADORA,0.03,DIA,FHIS,https://icunah.wordpress.com/wp-content/uploads/2008/10/fichas-de-costos-unitarios.pdf,F046003 - 437,0.6,AUDITADO
"04 26 00.3 - Pared de Bloque de Concreto Reforzada de 8"" Ref 1#3@0.6m+2#3@2Hil F022002",m2,MANO_OBRA: ALBAÑIL,0.2,JDR,FHIS,https://icunah.wordpress.com/wp-content/uploads/2008/10/fichas-de-costos-unitarios.pdf,F046003 - 437,0.6,AUDITADO
"05 05 23 - Soldadura por arco manual  de Cercha a Placa Electrodo E7018 (bajo hidrógeno). Soldadura de filete w=3/16"" (5mm) para unión de ángulos L 3x3x1/4",mL,MANO_OBRA: AVISO ESCRITO,0.025,UNID,FHIS,https://icunah.wordpress.com/wp-content/uploads/2008/10/fichas-de-costos-unitarios.pdf,F283003 - 1114,0.5,AUDITADO
"05 12 23 - Suministro e Instalación de 2 Placa de acero ASTM A36 de 35 x 35 cm con espesor de 1/2"" sujetada con Pernos A325 3/4""×80mm Grado 5",m2,MANO_OBRA: AVISO ESCRITO,0.025,UNID,FHIS,https://icunah.wordpress.com/wp-content/uploads/2008/10/fichas-de-costos-unitarios.pdf,F283003 - 1114,0.5,AUDITADO
07 13 00 - Suministro e Instalacion de Aislante con membrana flexible para losas y muros enterrados,m2,EQUIPO: HERRAMIENTA MENOR,5.0,%,FHIS,https://icunah.wordpress.com/wp-content/uploads/2008/10/fichas-de-costos-unitarios.pdf,F085001 - 525,0.5,AUDITADO
07 13 00 - Suministro e Instalacion de Aislante con membrana flexible para losas y muros enterrados,m2,MANO_OBRA: ALBAÑIL,0.05,JDR,FHIS,https://icunah.wordpress.com/wp-content/uploads/2008/10/fichas-de-costos-unitarios.pdf,F085001 - 525,0.5,AUDITADO
08 13 13 - Puerta Metálica de 1.00m x 2.10m,pza,EQUIPO: HERRAMIENTA MENOR,5.0,%,FHIS,https://icunah.wordpress.com/wp-content/uploads/2008/10/fichas-de-costos-unitarios.pdf,F121004 - 741,0.5,AUDITADO
08 13 13 - Puerta Metálica de 1.00m x 2.10m,pza,MANO_OBRA: CARPINTERO,3.5,JDR,FHIS,https://icunah.wordpress.com/wp-content/uploads/2008/10/fichas-de-costos-unitarios.pdf,F121004 - 741,0.5,AUDITADO
08 14 23 - Puerta Termoformada Sencilla 0.90 m x 2.10 m,pza,EQUIPO: HERRAMIENTA MENOR,5.0,%,FHIS,https://icunah.wordpress.com/wp-content/uploads/2008/10/fichas-de-costos-unitarios.pdf,F121004 - 741,0.5,AUDITADO
08 14 23 - Puerta Termoformada Sencilla 0.90 m x 2.10 m,pza,MANO_OBRA: CARPINTERO,3.5,JDR,FHIS,https://icunah.wordpress.com/wp-content/uploads/2008/10/fichas-de-costos-unitarios.pdf,F121004 - 741,0.5,AUDITADO
08 14 23.1 - Puerta Corrediza de Interior de 0.80x2.10 m por dentro de Steel Framing,pza,EQUIPO: HERRAMIENTA MENOR,5.0,%,FHIS,https://icunah.wordpress.com/wp-content/uploads/2008/10/fichas-de-costos-unitarios.pdf,F121004 - 741,0.5,AUDITADO
08 14 23.1 - Puerta Corrediza de Interior de 0.80x2.10 m por dentro de Steel Framing,pza,MANO_OBRA: CARPINTERO,3.5,JDR,FHIS,https://icunah.wordpress.com/wp-content/uploads/2008/10/fichas-de-costos-unitarios.pdf,F121004 - 741,0.5,AUDITADO
08 14 23.3 - Puerta plegable (bifold) de interior de 0.80x2.10 m,pza,EQUIPO: HERRAMIENTA MENOR,5.0,%,FHIS,https://icunah.wordpress.com/wp-content/uploads/2008/10/fichas-de-costos-unitarios.pdf,F121004 - 741,0.5,AUDITADO
08 14 23.3 - Puerta plegable (bifold) de interior de 0.80x2.10 m,pza,MANO_OBRA: CARPINTERO,3.5,JDR,FHIS,https://icunah.wordpress.com/wp-content/uploads/2008/10/fichas-de-costos-unitarios.pdf,F121004 - 741,0.5,AUDITADO
08 16 73 - Puerta Principal de Aluminio Con Sidelight de 1.30 x 2.10m,pza,EQUIPO: HERRAMIENTA MENOR,5.0,%,FHIS,https://icunah.wordpress.com/wp-content/uploads/2008/10/fichas-de-costos-unitarios.pdf,F121004 - 741,0.5,AUDITADO
08 16 73 - Puerta Principal de Aluminio Con Sidelight de 1.30 x 2.10m,pza,MANO_OBRA: CARPINTERO,3.5,JDR,FHIS,https://icunah.wordpress.com/wp-content/uploads/2008/10/fichas-de-costos-unitarios.pdf,F121004 - 741,0.5,AUDITADO
08 16 73.1 - Puerta Principal con Acabado Metalico/Madera de 1.40x2.10m,global,EQUIPO: HERRAMIENTA MENOR,5.0,%,FHIS,https://icunah.wordpress.com/wp-content/uploads/2008/10/fichas-de-costos-unitarios.pdf,F121001 - 738,0.5,AUDITADO
08 16 73.1 - Puerta Principal con Acabado Metalico/Madera de 1.40x2.10m,global,MANO_OBRA: CARPINTERO,1.0,JDR,FHIS,https://icunah.wordpress.com/wp-content/uploads/2008/10/fichas-de-costos-unitarios.pdf,F121001 - 738,0.5,AUDITADO
"08 32 13 - Puerta de Vidrio de 2 Hojas,1.80m x 2.10m Marco PVC",pza,EQUIPO: HERRAMIENTA MENOR,5.0,%,FHIS,https://icunah.wordpress.com/wp-content/uploads/2008/10/fichas-de-costos-unitarios.pdf,F121004 - 741,0.5,AUDITADO
"08 32 13 - Puerta de Vidrio de 2 Hojas,1.80m x 2.10m Marco PVC",pza,MANO_OBRA: CARPINTERO,3.5,JDR,FHIS,https://icunah.wordpress.com/wp-content/uploads/2008/10/fichas-de-costos-unitarios.pdf,F121004 - 741,0.5,AUDITADO
08 32 16 - Puerta Abatible de Vidrio Marco de PVC de 0.9x2.10m,pza,EQUIPO: HERRAMIENTA MENOR,5.0,%,FHIS,https://icunah.wordpress.com/wp-content/uploads/2008/10/fichas-de-costos-unitarios.pdf,F121004 - 741,0.5,AUDITADO
08 32 16 - Puerta Abatible de Vidrio Marco de PVC de 0.9x2.10m,pza,MANO_OBRA: CARPINTERO,3.5,JDR,FHIS,https://icunah.wordpress.com/wp-content/uploads/2008/10/fichas-de-costos-unitarios.pdf,F121004 - 741,0.5,AUDITADO
08 44 13 - Vidrio Fijo de PVC Blanco - Curtain Wall,m2,EQUIPO: HERRAMIENTA MENOR,5.0,%,FHIS,https://icunah.wordpress.com/wp-content/uploads/2008/10/fichas-de-costos-unitarios.pdf,F122003 - 758,0.5,AUDITADO
08 44 13 - Vidrio Fijo de PVC Blanco - Curtain Wall,m2,MANO_OBRA: ALBAÑIL,0.5,JDR,FHIS,https://icunah.wordpress.com/wp-content/uploads/2008/10/fichas-de-costos-unitarios.pdf,F122003 - 758,0.5,AUDITADO
08 51 13 - Ventana Corrediza 1.60 m x 1.30 m Aluminio Mate,pza,EQUIPO: HERRAMIENTA MENOR,5.0,%,FHIS,https://icunah.wordpress.com/wp-content/uploads/2008/10/fichas-de-costos-unitarios.pdf,F122003 - 758,0.5,AUDITADO
08 51 13 - Ventana Corrediza 1.60 m x 1.30 m Aluminio Mate,pza,MANO_OBRA: ALBAÑIL,0.5,JDR,FHIS,https://icunah.wordpress.com/wp-content/uploads/2008/10/fichas-de-costos-unitarios.pdf,F122003 - 758,0.5,AUDITADO
08 51 13.1 - Ventana Guillotina de 0.60 m x 0.9m Aluminio Mate,pza,EQUIPO: HERRAMIENTA MENOR,5.0,%,FHIS,https://icunah.wordpress.com/wp-content/uploads/2008/10/fichas-de-costos-unitarios.pdf,F122003 - 758,0.5,AUDITADO
08 51 13.1 - Ventana Guillotina de 0.60 m x 0.9m Aluminio Mate,pza,MANO_OBRA: ALBAÑIL,0.5,JDR,FHIS,https://icunah.wordpress.com/wp-content/uploads/2008/10/fichas-de-costos-unitarios.pdf,F122003 - 758,0.5,AUDITADO
08 51 13.2 - Ventana Proyectable de 0.6m x 0.6 m (Baños) Aluminio Mate,pza,EQUIPO: HERRAMIENTA MENOR,5.0,%,FHIS,https://icunah.wordpress.com/wp-content/uploads/2008/10/fichas-de-costos-unitarios.pdf,F122003 - 758,0.5,AUDITADO
08 51 13.2 - Ventana Proyectable de 0.6m x 0.6 m (Baños) Aluminio Mate,pza,MANO_OBRA: ALBAÑIL,0.5,JDR,FHIS,https://icunah.wordpress.com/wp-content/uploads/2008/10/fichas-de-costos-unitarios.pdf,F122003 - 758,0.5,AUDITADO
08 53 13 - Ventana Corrediza 1.60 m x 1.30 m PVC Blanco,pza,EQUIPO: HERRAMIENTA MENOR,5.0,%,FHIS,https://icunah.wordpress.com/wp-content/uploads/2008/10/fichas-de-costos-unitarios.pdf,F122005 - 760,0.5,AUDITADO
08 53 13 - Ventana Corrediza 1.60 m x 1.30 m PVC Blanco,pza,MANO_OBRA: CARPINTERO,1.0,JDR,FHIS,https://icunah.wordpress.com/wp-content/uploads/2008/10/fichas-de-costos-unitarios.pdf,F122005 - 760,0.5,AUDITADO
08 53 13.1 - Ventana Guillotina de 0.60 m x 0.9m PVC Blanco,pza,EQUIPO: HERRAMIENTA MENOR,5.0,%,FHIS,https://icunah.wordpress.com/wp-content/uploads/2008/10/fichas-de-costos-unitarios.pdf,F122005 - 760,0.5,AUDITADO
08 53 13.1 - Ventana Guillotina de 0.60 m x 0.9m PVC Blanco,pza,MANO_OBRA: CARPINTERO,1.0,JDR,FHIS,https://icunah.wordpress.com/wp-content/uploads/2008/10/fichas-de-costos-unitarios.pdf,F122005 - 760,0.5,AUDITADO
08 53 13.2 - Ventana Proyectable de 0.6m x 0.6 m (Baños) PVC  Blanco,pza,EQUIPO: HERRAMIENTA MENOR,5.0,%,FHIS,https://icunah.wordpress.com/wp-content/uploads/2008/10/fichas-de-costos-unitarios.pdf,F122005 - 760,0.5,AUDITADO
08 53 13.2 - Ventana Proyectable de 0.6m x 0.6 m (Baños) PVC  Blanco,pza,MANO_OBRA: CARPINTERO,1.0,JDR,FHIS,https://icunah.wordpress.com/wp-content/uploads/2008/10/fichas-de-costos-unitarios.pdf,F122005 - 760,0.5,AUDITADO
08 53 13.3 - Ventana en L de 1.20m x 2.12m PVC Blanco,pza,EQUIPO: HERRAMIENTA MENOR,5.0,%,FHIS,https://icunah.wordpress.com/wp-content/uploads/2008/10/fichas-de-costos-unitarios.pdf,F122005 - 760,0.5,AUDITADO
08 53 13.3 - Ventana en L de 1.20m x 2.12m PVC Blanco,pza,MANO_OBRA: CARPINTERO,1.0,JDR,FHIS,https://icunah.wordpress.com/wp-content/uploads/2008/10/fichas-de-costos-unitarios.pdf,F122005 - 760,0.5,AUDITADO
09 22 13 - Canal Furring de Metal para Soporte de Cielo Falso,m2,EQUIPO: HERRAMIENTA MENOR,5.0,%,FHIS,https://icunah.wordpress.com/wp-content/uploads/2008/10/fichas-de-costos-unitarios.pdf,F081002 - 486,0.5,AUDITADO
09 22 13 - Canal Furring de Metal para Soporte de Cielo Falso,m2,MANO_OBRA: CARPINTERO,0.067,JDR,FHIS,https://icunah.wordpress.com/wp-content/uploads/2008/10/fichas-de-costos-unitarios.pdf,F081002 - 486,0.5,AUDITADO
09 29 00.2 - Instalación de Cerramiento Cielo Falso de Laminas de PVC Vinilo,m2,EQUIPO: HERRAMIENTA MENOR,5.0,%,FHIS,https://icunah.wordpress.com/wp-content/uploads/2008/10/fichas-de-costos-unitarios.pdf,F081002 - 486,0.5,AUDITADO
09 29 00.2 - Instalación de Cerramiento Cielo Falso de Laminas de PVC Vinilo,m2,MANO_OBRA: CARPINTERO,0.067,JDR,FHIS,https://icunah.wordpress.com/wp-content/uploads/2008/10/fichas-de-costos-unitarios.pdf,F081002 - 486,0.5,AUDITADO
09 29 00.3 - Suministro e instalación de Moldura para Cielo Falso (Total),mL,EQUIPO: HERRAMIENTA MENOR,5.0,%,FHIS,https://icunah.wordpress.com/wp-content/uploads/2008/10/fichas-de-costos-unitarios.pdf,F081002 - 486,0.75,AUDITADO
09 29 00.3 - Suministro e instalación de Moldura para Cielo Falso (Total),mL,MANO_OBRA: CARPINTERO,0.067,JDR,FHIS,https://icunah.wordpress.com/wp-content/uploads/2008/10/fichas-de-costos-unitarios.pdf,F081002 - 486,0.75,AUDITADO
09 29 00.4 - Instalación de Cerramiento Cielo Falso de Plafón de 45x45cm (Polaris),m2,EQUIPO: HERRAMIENTA MENOR,5.0,%,FHIS,https://icunah.wordpress.com/wp-content/uploads/2008/10/fichas-de-costos-unitarios.pdf,F081002 - 486,0.5,AUDITADO
09 29 00.4 - Instalación de Cerramiento Cielo Falso de Plafón de 45x45cm (Polaris),m2,MANO_OBRA: CARPINTERO,0.067,JDR,FHIS,https://icunah.wordpress.com/wp-content/uploads/2008/10/fichas-de-costos-unitarios.pdf,F081002 - 486,0.5,AUDITADO
09 30 13.1 - Ceramica Piso 43x43 Tipo Brasiliia 222 gris,m2,EQUIPO: HERRAMIENTA MENOR,10.0,%,FHIS,https://icunah.wordpress.com/wp-content/uploads/2008/10/fichas-de-costos-unitarios.pdf,F073001 - 483,0.667,AUDITADO
09 30 13.1 - Ceramica Piso 43x43 Tipo Brasiliia 222 gris,m2,MANO_OBRA: ALBAÑIL,0.25,JDR,FHIS,https://icunah.wordpress.com/wp-content/uploads/2008/10/fichas-de-costos-unitarios.pdf,F073001 - 483,0.667,AUDITADO
09 30 13.2 - Porcelanato Color Gris  60 cm x 60 cm (Centro de Ceramicas),m2,EQUIPO: HERRAMIENTA MENOR,5.0,%,FHIS,https://icunah.wordpress.com/wp-content/uploads/2008/10/fichas-de-costos-unitarios.pdf,F061001 - 450,0.5,AUDITADO
09 30 13.2 - Porcelanato Color Gris  60 cm x 60 cm (Centro de Ceramicas),m2,MANO_OBRA: ALBAÑIL,0.081,JDR,FHIS,https://icunah.wordpress.com/wp-content/uploads/2008/10/fichas-de-costos-unitarios.pdf,F061001 - 450,0.5,AUDITADO
09 30 13.4 - Cerámica Barcelona Beige Samboro 20 cm x 31 cm Fanasa,m2,EQUIPO: HERRAMIENTA MENOR,5.0,%,FHIS,https://icunah.wordpress.com/wp-content/uploads/2008/10/fichas-de-costos-unitarios.pdf,F061001 - 450,0.5,AUDITADO
09 30 13.4 - Cerámica Barcelona Beige Samboro 20 cm x 31 cm Fanasa,m2,MANO_OBRA: ALBAÑIL,0.081,JDR,FHIS,https://icunah.wordpress.com/wp-content/uploads/2008/10/fichas-de-costos-unitarios.pdf,F061001 - 450,0.5,AUDITADO
09 30 13.6 - Piso de Concreto Pulido o Tarrajeado con Mircrocemento,m2,EQUIPO: HERRAMIENTA MENOR,5.0,%,FHIS,https://icunah.wordpress.com/wp-content/uploads/2008/10/fichas-de-costos-unitarios.pdf,F071001 - 467,0.5,AUDITADO
09 30 13.6 - Piso de Concreto Pulido o Tarrajeado con Mircrocemento,m2,MANO_OBRA: ALBAÑIL,0.125,JDR,FHIS,https://icunah.wordpress.com/wp-content/uploads/2008/10/fichas-de-costos-unitarios.pdf,F071001 - 467,0.5,AUDITADO
09 91 13.1 - Pintura Base - Sellador Primer Latex Peninsular Sherwin Williams,m2,EQUIPO: HERRAMIENTA MENOR,5.0,%,FHIS,https://icunah.wordpress.com/wp-content/uploads/2008/10/fichas-de-costos-unitarios.pdf,F172001 - 875,0.5,AUDITADO
09 91 13.1 - Pintura Base - Sellador Primer Latex Peninsular Sherwin Williams,m2,MANO_OBRA: PINTOR,0.054,JDR,FHIS,https://icunah.wordpress.com/wp-content/uploads/2008/10/fichas-de-costos-unitarios.pdf,F172001 - 875,0.5,AUDITADO
09 91 13.2 - Pintura Base Covermore,m2,EQUIPO: HERRAMIENTA MENOR,5.0,%,FHIS,https://icunah.wordpress.com/wp-content/uploads/2008/10/fichas-de-costos-unitarios.pdf,F172001 - 875,0.5,AUDITADO
09 91 13.2 - Pintura Base Covermore,m2,MANO_OBRA: PINTOR,0.054,JDR,FHIS,https://icunah.wordpress.com/wp-content/uploads/2008/10/fichas-de-costos-unitarios.pdf,F172001 - 875,0.5,AUDITADO
09 91 23.1 - Pintura Covermore Pro Cover Latex Lavable,m2,EQUIPO: HERRAMIENTA MENOR,5.0,%,FHIS,https://icunah.wordpress.com/wp-content/uploads/2008/10/fichas-de-costos-unitarios.pdf,F172001 - 875,0.5,AUDITADO
09 91 23.1 - Pintura Covermore Pro Cover Latex Lavable,m2,MANO_OBRA: PINTOR,0.054,JDR,FHIS,https://icunah.wordpress.com/wp-content/uploads/2008/10/fichas-de-costos-unitarios.pdf,F172001 - 875,0.5,AUDITADO
09 91 23.2 - Pintura Mate Exterior/Interior Sherwin Williams,m2,EQUIPO: HERRAMIENTA MENOR,5.0,%,FHIS,https://icunah.wordpress.com/wp-content/uploads/2008/10/fichas-de-costos-unitarios.pdf,F172001 - 875,0.5,AUDITADO
09 91 23.2 - Pintura Mate Exterior/Interior Sherwin Williams,m2,MANO_OBRA: PINTOR,0.054,JDR,FHIS,https://icunah.wordpress.com/wp-content/uploads/2008/10/fichas-de-costos-unitarios.pdf,F172001 - 875,0.5,AUDITADO
"22 11 13.2 - Suministro e Instalación de Codo de PVC de 3/4"" a 90°",pza,EQUIPO: HERRAMIENTA MENOR,2.0,%,FHIS,https://icunah.wordpress.com/wp-content/uploads/2008/10/fichas-de-costos-unitarios.pdf,F270032 - 1107,0.5,AUDITADO
"22 11 13.2 - Suministro e Instalación de Codo de PVC de 3/4"" a 90°",pza,MANO_OBRA: AYUDANTE,0.167,JDR,FHIS,https://icunah.wordpress.com/wp-content/uploads/2008/10/fichas-de-costos-unitarios.pdf,F270032 - 1107,0.5,AUDITADO
"22 11 13.5 - Suministro e Instalación de Codo de PVC de 1/2"" a 90°",pza,EQUIPO: HERRAMIENTA MENOR,2.0,%,FHIS,https://icunah.wordpress.com/wp-content/uploads/2008/10/fichas-de-costos-unitarios.pdf,F270032 - 1107,0.5,AUDITADO
"22 11 13.5 - Suministro e Instalación de Codo de PVC de 1/2"" a 90°",pza,MANO_OBRA: AYUDANTE,0.167,JDR,FHIS,https://icunah.wordpress.com/wp-content/uploads/2008/10/fichas-de-costos-unitarios.pdf,F270032 - 1107,0.5,AUDITADO
22 12 19.4 - Tanque De Reserva Elevado (Sin Incluir Columna) de Capacidad de 750L + Losa Elevada,global,EQUIPO: GUANTES DE HULE,0.5,PAR,FHIS,https://icunah.wordpress.com/wp-content/uploads/2008/10/fichas-de-costos-unitarios.pdf,F270010 - 1096,0.667,AUDITADO
22 12 19.4 - Tanque De Reserva Elevado (Sin Incluir Columna) de Capacidad de 750L + Losa Elevada,global,MANO_OBRA: FONTANERO,0.167,JDR,FHIS,https://icunah.wordpress.com/wp-content/uploads/2008/10/fichas-de-costos-unitarios.pdf,F270010 - 1096,0.667,AUDITADO
22 12 19.5 - Tanque De Reserva Elevado (Sin Incluir Columna) de Capacidad de 1100L + Losa Elevada,global,EQUIPO: GUANTES DE HULE,0.5,PAR,FHIS,https://icunah.wordpress.com/wp-content/uploads/2008/10/fichas-de-costos-unitarios.pdf,F270010 - 1096,0.667,AUDITADO
22 12 19.5 - Tanque De Reserva Elevado (Sin Incluir Columna) de Capacidad de 1100L + Losa Elevada,global,MANO_OBRA: FONTANERO,0.167,JDR,FHIS,https://icunah.wordpress.com/wp-content/uploads/2008/10/fichas-de-costos-unitarios.pdf,F270010 - 1096,0.667,AUDITADO
22 12 19.6 - Tanque De Reserva Elevado (Sin Incluir Columna) de Capacidad de 1700L + Losa Elevada,global,EQUIPO: GUANTES DE HULE,0.5,PAR,FHIS,https://icunah.wordpress.com/wp-content/uploads/2008/10/fichas-de-costos-unitarios.pdf,F270010 - 1096,0.667,AUDITADO
22 12 19.6 - Tanque De Reserva Elevado (Sin Incluir Columna) de Capacidad de 1700L + Losa Elevada,global,MANO_OBRA: FONTANERO,0.167,JDR,FHIS,https://icunah.wordpress.com/wp-content/uploads/2008/10/fichas-de-costos-unitarios.pdf,F270010 - 1096,0.667,AUDITADO
"22 12 19.7 - Tanque De Reserva Elevado (Sin Columna) de Capacidad de 5,000L + Losa Elevada y Columna R5",global,EQUIPO: GUANTES DE HULE,0.5,PAR,FHIS,https://icunah.wordpress.com/wp-content/uploads/2008/10/fichas-de-costos-unitarios.pdf,F270010 - 1096,0.667,AUDITADO
"22 12 19.7 - Tanque De Reserva Elevado (Sin Columna) de Capacidad de 5,000L + Losa Elevada y Columna R5",global,MANO_OBRA: FONTANERO,0.167,JDR,FHIS,https://icunah.wordpress.com/wp-content/uploads/2008/10/fichas-de-costos-unitarios.pdf,F270010 - 1096,0.667,AUDITADO
"22 13 13.12 - Suministro e Instalación de Codo de PVC de 4"" a 45°",pza,EQUIPO: HERRAMIENTA MENOR,2.0,%,FHIS,https://icunah.wordpress.com/wp-content/uploads/2008/10/fichas-de-costos-unitarios.pdf,F270032 - 1107,0.5,AUDITADO
"22 13 13.12 - Suministro e Instalación de Codo de PVC de 4"" a 45°",pza,MANO_OBRA: AYUDANTE,0.167,JDR,FHIS,https://icunah.wordpress.com/wp-content/uploads/2008/10/fichas-de-costos-unitarios.pdf,F270032 - 1107,0.5,AUDITADO
"22 13 13.2 - Suministro e Instalación de Codo de PVC de 2"" a 45°",pza,EQUIPO: HERRAMIENTA MENOR,2.0,%,FHIS,https://icunah.wordpress.com/wp-content/uploads/2008/10/fichas-de-costos-unitarios.pdf,F270032 - 1107,0.5,AUDITADO
"22 13 13.2 - Suministro e Instalación de Codo de PVC de 2"" a 45°",pza,MANO_OBRA: AYUDANTE,0.167,JDR,FHIS,https://icunah.wordpress.com/wp-content/uploads/2008/10/fichas-de-costos-unitarios.pdf,F270032 - 1107,0.5,AUDITADO
"22 13 13.3 - Suministro e Instalación de Codo de PVC de 2"" a 90°",pza,EQUIPO: HERRAMIENTA MENOR,2.0,%,FHIS,https://icunah.wordpress.com/wp-content/uploads/2008/10/fichas-de-costos-unitarios.pdf,F270032 - 1107,0.5,AUDITADO
"22 13 13.3 - Suministro e Instalación de Codo de PVC de 2"" a 90°",pza,MANO_OBRA: AYUDANTE,0.167,JDR,FHIS,https://icunah.wordpress.com/wp-content/uploads/2008/10/fichas-de-costos-unitarios.pdf,F270032 - 1107,0.5,AUDITADO
"22 13 13.7 - Suministro e Instalación de Codo de PVC de 3"" a 45°",pza,EQUIPO: HERRAMIENTA MENOR,2.0,%,FHIS,https://icunah.wordpress.com/wp-content/uploads/2008/10/fichas-de-costos-unitarios.pdf,F270032 - 1107,0.5,AUDITADO
"22 13 13.7 - Suministro e Instalación de Codo de PVC de 3"" a 45°",pza,MANO_OBRA: AYUDANTE,0.167,JDR,FHIS,https://icunah.wordpress.com/wp-content/uploads/2008/10/fichas-de-costos-unitarios.pdf,F270032 - 1107,0.5,AUDITADO
22 13 53.1 - Caja de Registro para Agua Residual de 50 x 50 x 50 cms,pza,EQUIPO: HERRAMIENTA MENOR,5.0,%,FHIS,https://icunah.wordpress.com/wp-content/uploads/2008/10/fichas-de-costos-unitarios.pdf,F111003 - 689,0.667,AUDITADO
22 13 53.1 - Caja de Registro para Agua Residual de 50 x 50 x 50 cms,pza,MANO_OBRA: ALBAÑIL,0.994,JDR,FHIS,https://icunah.wordpress.com/wp-content/uploads/2008/10/fichas-de-costos-unitarios.pdf,F111003 - 689,0.667,AUDITADO
22 13 53.4 - Fosa Séptica de Bloque de 1.50x1.50x1.50m = 3.375m3,global,EQUIPO: HERRAMIENTA MENOR,5.0,%,FHIS,https://icunah.wordpress.com/wp-content/uploads/2008/10/fichas-de-costos-unitarios.pdf,F113010 - 715,0.5,AUDITADO
22 13 53.4 - Fosa Séptica de Bloque de 1.50x1.50x1.50m = 3.375m3,global,MANO_OBRA: ALBAÑIL,1.153,JDR,FHIS,https://icunah.wordpress.com/wp-content/uploads/2008/10/fichas-de-costos-unitarios.pdf,F113010 - 715,0.5,AUDITADO
"22 14 16.2 - Suministro e Instalación de Codo de PVC de 3"" a 45°",pza,EQUIPO: HERRAMIENTA MENOR,2.0,%,FHIS,https://icunah.wordpress.com/wp-content/uploads/2008/10/fichas-de-costos-unitarios.pdf,F270032 - 1107,0.5,AUDITADO
"22 14 16.2 - Suministro e Instalación de Codo de PVC de 3"" a 45°",pza,MANO_OBRA: AYUDANTE,0.167,JDR,FHIS,https://icunah.wordpress.com/wp-content/uploads/2008/10/fichas-de-costos-unitarios.pdf,F270032 - 1107,0.5,AUDITADO
"22 14 16.3 - Suministro e Instalación de Codo de PVC de 3"" a 90°",pza,EQUIPO: HERRAMIENTA MENOR,2.0,%,FHIS,https://icunah.wordpress.com/wp-content/uploads/2008/10/fichas-de-costos-unitarios.pdf,F270032 - 1107,0.5,AUDITADO
"22 14 16.3 - Suministro e Instalación de Codo de PVC de 3"" a 90°",pza,MANO_OBRA: AYUDANTE,0.167,JDR,FHIS,https://icunah.wordpress.com/wp-content/uploads/2008/10/fichas-de-costos-unitarios.pdf,F270032 - 1107,0.5,AUDITADO
22 41 13.13 - Suministro e Instalacion de Pila de 0.90x0.90m,pza,EQUIPO: HERRAMIENTA MENOR,2.0,%,FHIS,https://icunah.wordpress.com/wp-content/uploads/2008/10/fichas-de-costos-unitarios.pdf,F270032 - 1107,0.5,AUDITADO
22 41 13.13 - Suministro e Instalacion de Pila de 0.90x0.90m,pza,MANO_OBRA: AYUDANTE,0.167,JDR,FHIS,https://icunah.wordpress.com/wp-content/uploads/2008/10/fichas-de-costos-unitarios.pdf,F270032 - 1107,0.5,AUDITADO
22 41 16 13.2 - Suministro e Instalación de Lavamanos de Bowl en losa en voladizo con porcelanato,m2,EQUIPO: HERRAMIENTA MENOR,4.0,%,FHIS,https://icunah.wordpress.com/wp-content/uploads/2008/10/fichas-de-costos-unitarios.pdf,F113018 - 723,0.5,AUDITADO
22 41 16 13.2 - Suministro e Instalación de Lavamanos de Bowl en losa en voladizo con porcelanato,m2,MANO_OBRA: ALBAÑIL,0.252,JDR,FHIS,https://icunah.wordpress.com/wp-content/uploads/2008/10/fichas-de-costos-unitarios.pdf,F113018 - 723,0.5,AUDITADO
22 41 16 13.3 - Suministro e Instalacion de Lavamanos Pedestal LAVABO STD. ECOLINE BLANCO PIEZA,pza,EQUIPO: SOLDADORA,0.042,HRA,FHIS,https://icunah.wordpress.com/wp-content/uploads/2008/10/fichas-de-costos-unitarios.pdf,F202003 - 917,0.5,AUDITADO
22 41 16 13.3 - Suministro e Instalacion de Lavamanos Pedestal LAVABO STD. ECOLINE BLANCO PIEZA,pza,MANO_OBRA: ALBAÑIL,0.17,JDR,FHIS,https://icunah.wordpress.com/wp-content/uploads/2008/10/fichas-de-costos-unitarios.pdf,F202003 - 917,0.5,AUDITADO
"26 05 33.13.1 - Tubería de Poliducto de 3/4""",m,EQUIPO: HERRAMIENTA MENOR,4.0,%,FHIS,https://icunah.wordpress.com/wp-content/uploads/2008/10/fichas-de-costos-unitarios.pdf,F211001 - 938,0.5,AUDITADO
"26 05 33.13.1 - Tubería de Poliducto de 3/4""",m,MANO_OBRA: ELECTRICISTA,0.022,JDR,FHIS,https://icunah.wordpress.com/wp-content/uploads/2008/10/fichas-de-costos-unitarios.pdf,F211001 - 938,0.5,AUDITADO
"26 05 33.13.2 - Tubería de Poliducto de 1/2""",m,EQUIPO: HERRAMIENTA MENOR,4.0,%,FHIS,https://icunah.wordpress.com/wp-content/uploads/2008/10/fichas-de-costos-unitarios.pdf,F211001 - 938,0.5,AUDITADO
"26 05 33.13.2 - Tubería de Poliducto de 1/2""",m,MANO_OBRA: ELECTRICISTA,0.022,JDR,FHIS,https://icunah.wordpress.com/wp-content/uploads/2008/10/fichas-de-costos-unitarios.pdf,F211001 - 938,0.5,AUDITADO
26 09 23.1 - ENERLITES Interruptor Sencilo,pza,EQUIPO: HERRAMIENTA MENOR,4.0,%,FHIS,https://icunah.wordpress.com/wp-content/uploads/2008/10/fichas-de-costos-unitarios.pdf,F216001 - 966,0.5,AUDITADO
26 09 23.1 - ENERLITES Interruptor Sencilo,pza,MANO_OBRA: ELECTRICISTA,0.333,JDR,FHIS,https://icunah.wordpress.com/wp-content/uploads/2008/10/fichas-de-costos-unitarios.pdf,F216001 - 966,0.5,AUDITADO
26 09 23.3 - ENERLITES Interrutor Doble,pza,EQUIPO: HERRAMIENTA MENOR,4.0,%,FHIS,https://icunah.wordpress.com/wp-content/uploads/2008/10/fichas-de-costos-unitarios.pdf,F216002 - 967,0.5,AUDITADO
26 09 23.3 - ENERLITES Interrutor Doble,pza,MANO_OBRA: ELECTRICISTA,0.4,JDR,FHIS,https://icunah.wordpress.com/wp-content/uploads/2008/10/fichas-de-costos-unitarios.pdf,F216002 - 967,0.5,AUDITADO
26 09.23.5 - ENERLITES Interruptor Triple,pza,EQUIPO: HERRAMIENTA MENOR,4.0,%,FHIS,https://icunah.wordpress.com/wp-content/uploads/2008/10/fichas-de-costos-unitarios.pdf,F216001 - 966,0.5,AUDITADO
26 09.23.5 - ENERLITES Interruptor Triple,pza,MANO_OBRA: ELECTRICISTA,0.333,JDR,FHIS,https://icunah.wordpress.com/wp-content/uploads/2008/10/fichas-de-costos-unitarios.pdf,F216001 - 966,0.5,AUDITADO
"26 24 16.1 - Centro de Carga de 16 Espacios NEMA 1, Empotrado en Pared, 16 polos, 125amp",pza,EQUIPO: HERRAMIENTA MENOR,4.0,%,FHIS,https://icunah.wordpress.com/wp-content/uploads/2008/10/fichas-de-costos-unitarios.pdf,F213001 - 953,1.0,AUDITADO
"26 24 16.1 - Centro de Carga de 16 Espacios NEMA 1, Empotrado en Pared, 16 polos, 125amp",pza,MANO_OBRA: ALBAÑIL,0.17,JDR,FHIS,https://icunah.wordpress.com/wp-content/uploads/2008/10/fichas-de-costos-unitarios.pdf,F213001 - 953,1.0,AUDITADO
26 27 19.1 - Tomacorriente Doble ENERLITES 15A 120-277v Listado UL (Importado),pza,EQUIPO: HERRAMIENTA MENOR,4.0,%,FHIS,https://icunah.wordpress.com/wp-content/uploads/2008/10/fichas-de-costos-unitarios.pdf,F216002 - 967,0.5,AUDITADO
26 27 19.1 - Tomacorriente Doble ENERLITES 15A 120-277v Listado UL (Importado),pza,MANO_OBRA: ELECTRICISTA,0.4,JDR,FHIS,https://icunah.wordpress.com/wp-content/uploads/2008/10/fichas-de-costos-unitarios.pdf,F216002 - 967,0.5,AUDITADO
"26 27 19.2 - Tomacorriente ESPECIAL 50A 250v Sencillo (Bombar, Estufa)",pza,EQUIPO: HERRAMIENTA MENOR,4.0,%,FHIS,https://icunah.wordpress.com/wp-content/uploads/2008/10/fichas-de-costos-unitarios.pdf,F216001 - 966,0.5,AUDITADO
"26 27 19.2 - Tomacorriente ESPECIAL 50A 250v Sencillo (Bombar, Estufa)",pza,MANO_OBRA: ELECTRICISTA,0.333,JDR,FHIS,https://icunah.wordpress.com/wp-content/uploads/2008/10/fichas-de-costos-unitarios.pdf,F216001 - 966,0.5,AUDITADO
26 27 19.4 - Tomacorriente Doble Aguila 15A 120-277v 15A,pza,EQUIPO: HERRAMIENTA MENOR,4.0,%,FHIS,https://icunah.wordpress.com/wp-content/uploads/2008/10/fichas-de-costos-unitarios.pdf,F216002 - 967,0.5,AUDITADO
26 27 19.4 - Tomacorriente Doble Aguila 15A 120-277v 15A,pza,MANO_OBRA: ELECTRICISTA,0.4,JDR,FHIS,https://icunah.wordpress.com/wp-content/uploads/2008/10/fichas-de-costos-unitarios.pdf,F216002 - 967,0.5,AUDITADO
31 11 00.1 - Limpieza y Remoción de Capa Vegetal (Manual),m2,EQUIPO: CISTERNA,0.234,VIAJE,FHIS,https://icunah.wordpress.com/wp-content/uploads/2008/10/fichas-de-costos-unitarios.pdf,F011006 - 7,0.5,AUDITADO
31 11 00.1 - Limpieza y Remoción de Capa Vegetal (Manual),m2,MANO_OBRA: FONTANERO,0.5,JDR,FHIS,https://icunah.wordpress.com/wp-content/uploads/2008/10/fichas-de-costos-unitarios.pdf,F011006 - 7,0.5,AUDITADO
31 23 16 16.3 - Excavación Con Retroexcavadora en Terreno Tipo I Suave,m3,EQUIPO: RETROEXCAVADORA DE LLANTA,0.022,HRA,FHIS,https://icunah.wordpress.com/wp-content/uploads/2008/10/fichas-de-costos-unitarios.pdf,F260007 - 1079,0.5,AUDITADO
31 23 16 16.4 - Excavación Estructural (Retroexcavadora) En Terreno Duro- Tipo III,m3,EQUIPO: HERRAMIENTA MENOR,10.0,%,FHIS,https://icunah.wordpress.com/wp-content/uploads/2008/10/fichas-de-costos-unitarios.pdf,F014002 - 67,0.5,AUDITADO
31 23 16 16.4 - Excavación Estructural (Retroexcavadora) En Terreno Duro- Tipo III,m3,MANO_OBRA: PEON,1.25,JDR,FHIS,https://icunah.wordpress.com/wp-content/uploads/2008/10/fichas-de-costos-unitarios.pdf,F014002 - 67,0.5,AUDITADO
31 23 16 16.5 - Corte y Excavación de Terreno Manual Tipo I (Materia Orgánica),m2,EQUIPO: TRACTOR DE ORUGA D6,0.021,HRA,FHIS,https://icunah.wordpress.com/wp-content/uploads/2008/10/fichas-de-costos-unitarios.pdf,F260016 - 1088,0.5,AUDITADO
31 23 16 16.6 - Corte y Excavación Manual de Terreno Tipo 2 (Terreno Semiduro),m2,EQUIPO: TRACTOR DE ORUGA D6,0.021,HRA,FHIS,https://icunah.wordpress.com/wp-content/uploads/2008/10/fichas-de-costos-unitarios.pdf,F260016 - 1088,0.5,AUDITADO
31 23 16 16.7 - Corte y Excavación Manual de Terreno Tipo 3 (Terreno Duro),m2,EQUIPO: TRACTOR DE ORUGA D6,0.021,HRA,FHIS,https://icunah.wordpress.com/wp-content/uploads/2008/10/fichas-de-costos-unitarios.pdf,F260016 - 1088,0.75,AUDITADO
31 23 16.16.2 - Excavación Estructural (Retroexcavadora) En Terreno Semi Duro- Tipo II,m3,EQUIPO: HERRAMIENTA MENOR,10.0,%,FHIS,https://icunah.wordpress.com/wp-content/uploads/2008/10/fichas-de-costos-unitarios.pdf,F014006 - 71,0.667,AUDITADO
31 23 16.16.2 - Excavación Estructural (Retroexcavadora) En Terreno Semi Duro- Tipo II,m3,MANO_OBRA: PEON,1.25,JDR,FHIS,https://icunah.wordpress.com/wp-content/uploads/2008/10/fichas-de-costos-unitarios.pdf,F014006 - 71,0.667,AUDITADO
"31 23 23 13.3 - Relleno y Compactado Con Arena Lavada, Para Tuberias Hidrosanitarias (De forma Manual)",m3,EQUIPO: CISTERNA,0.072,HRA,FHIS,https://icunah.wordpress.com/wp-content/uploads/2008/10/fichas-de-costos-unitarios.pdf,F260004 - 1076,0.5,AUDITADO
31 23 23.13.2 - Relleno Compactado de Material Selecto e = 0.10 m,m3,EQUIPO: HERRAMIENTA MENOR,10.0,%,FHIS,https://icunah.wordpress.com/wp-content/uploads/2008/10/fichas-de-costos-unitarios.pdf,F015003 - 76,0.6,AUDITADO
31 23 23.13.2 - Relleno Compactado de Material Selecto e = 0.10 m,m3,MANO_OBRA: PEON,0.63,JDR,FHIS,https://icunah.wordpress.com/wp-content/uploads/2008/10/fichas-de-costos-unitarios.pdf,F015003 - 76,0.6,AUDITADO
"32 31 13.3 - Porton de Malla Ciclón 6' x 3 m y Tubo HG de 1 1/2""",pza,EQUIPO: SOLDADORA,10.0,HRA,FHIS,https://icunah.wordpress.com/wp-content/uploads/2008/10/fichas-de-costos-unitarios.pdf,F144001 - 825,0.8,AUDITADO
"32 31 13.3 - Porton de Malla Ciclón 6' x 3 m y Tubo HG de 1 1/2""",pza,MANO_OBRA: SOLDADOR,5.0,JDR,FHIS,https://icunah.wordpress.com/wp-content/uploads/2008/10/fichas-de-costos-unitarios.pdf,F144001 - 825,0.8,AUDITADO
32 31 13.4 - Dado de Concreto Simple 60 x 30 x 30,pza,EQUIPO: HERRAMIENTA MENOR,5.0,%,FHIS,https://icunah.wordpress.com/wp-content/uploads/2008/10/fichas-de-costos-unitarios.pdf,F191019 - 897,0.4,REVISION_MANUAL
32 31 13.4 - Dado de Concreto Simple 60 x 30 x 30,pza,MANO_OBRA: ALBAÑIL,0.318,JDR,FHIS,https://icunah.wordpress.com/wp-content/uploads/2008/10/fichas-de-costos-unitarios.pdf,F191019 - 897,0.4,REVISION_MANUAL
